Alpha,M1 Takeoff, , Alpha,M1cruise, , 
-20,0.2149335, ,-20,0.1716417, , 
-19.5,0.2090634, ,-19.5,0.1639744, , 
-19,0.2033303, ,-19,0.1564218, , 
-18.5,0.1977393, ,-18.5,0.1489899, , 
-18,0.1922956, ,-18,0.1416844, , 
-17.5,0.1870038, ,-17.5,0.134511, , 
-17,0.1818688, ,-17,0.1274752, , 
-16.5,0.1768953, ,-16.5,0.1205826, , 
-16,0.1720876, ,-16,0.1138384, , 
-15.5,0.1674501, ,-15.5,0.107248, , 
-15,0.1629872, ,-15,0.1008163, , 
-14.5,0.1587027, ,-14.5,0.09454844, , 
-14,0.1546007, ,-14,0.08844918, , 
-13.5,0.1506849, ,-13.5,0.08252325, , 
-13,0.146959, ,-13,0.07677524, , 
-12.5,0.1434265, ,-12.5,0.07120957, , 
-12,0.1400906, ,-12,0.06583055, , 
-11.5,0.1369546, ,-11.5,0.06064231, , 
-11,0.1340214, ,-11,0.05564886, , 
-10.5,0.1312939, ,-10.5,0.05085405, , 
-10,0.1287748, ,-10,0.04626156, , 
-9.5,0.1264666, ,-9.5,0.04187494, , 
-9,0.1243716, ,-9,0.03769756, , 
-8.5,0.1224921, ,-8.5,0.03373264, , 
-8,0.12083, ,-8,0.02998323, , 
-7.5,0.1193871, ,-7.5,0.02645222, , 
-7,0.1181652, ,-7,0.02314232, , 
-6.5,0.1171657, ,-6.5,0.02005608, , 
-6,0.11639, ,-6,0.01719588, , 
-5.5,0.1158391, ,-5.5,0.01456393, , 
-5,0.1155141, ,-5,0.01216225, , 
-4.5,0.1154157, ,-4.5,0.009992698, , 
-4,0.1155445, ,-4,0.008056948, , 
-3.5,0.1159009, ,-3.5,0.006356497, , 
-3,0.1164853, ,-3,0.004892663, , 
-2.5,0.1172976, ,-2.5,0.003666582, , 
-2,0.1183378, ,-2,0.002679211, , 
-1.5,0.1196055, ,-1.5,0.001931323, , 
-1,0.1211003, ,-1,0.001423509, , 
-0.5,0.1228215, ,-0.5,0.001156178, , 
0,0.1247684, ,0,0.001129555, , 
0.5,0.1269398, ,0.5,0.001343681, , 
1,0.1293346, ,1,0.001798414, , 
1.5,0.1319515, ,1.5,0.002493431, , 
2,0.1347888, ,2,0.003428222, , 
2.5,0.137845, ,2.5,0.004602098, , 
3,0.1411181, ,3,0.006014184, , 
3.5,0.144606, ,3.5,0.007663426, , 
4,0.1483065, ,4,0.00954859, , 
4.5,0.1522172, ,4.5,0.01166826, , 
5,0.1563356, ,5,0.01402084, , 
5.5,0.1606588, ,5.5,0.01660456, , 
6,0.1651841, ,6,0.01941746, , 
6.5,0.1699083, ,6.5,0.02245743, , 
7,0.1748283, ,7,0.02572216, , 
7.5,0.1799406, ,7.5,0.02920919, , 
8,0.1852417, ,8,0.03291587, , 
8.5,0.190728, ,8.5,0.0368394, , 
9,0.1963955, ,9,0.04097678, , 
9.5,0.2022404, ,9.5,0.04532489, , 
10,0.2082584, ,10,0.04988042, , 
10.5,0.2144453, ,10.5,0.0546399, , 
11,0.2207968, ,11,0.05959971, , 
11.5,0.2273081, ,11.5,0.06475607, , 
12,0.2339747, ,12,0.07010506, , 
12.5,0.2407918, ,12.5,0.07564258, , 
13,0.2477543, ,13,0.08136441, , 
13.5,0.2548573, ,13.5,0.08726618, , 
14,0.2620956, ,14,0.09334338, , 
14.5,0.2694638, ,14.5,0.09959135, , 
15,0.2769565, ,15,0.1060053, , 
15.5,0.2845683, ,15.5,0.1125803, , 
16,0.2922934, ,16,0.1193114, , 
16.5,0.3001263, ,16.5,0.1261932, , 
17,0.308061, ,17,0.1332207, , 
17.5,0.3160916, ,17.5,0.1403883, , 
18,0.3242121, ,18,0.1476905, , 
18.5,0.3324165, ,18.5,0.1551217, , 
19,0.3406985, ,19,0.1626761, , 
19.5,0.349052, ,19.5,0.170348, , 
20,0.3574705, ,20,0.1781313, , 
